<?xml version="1.0" encoding="UTF-8"?>
<infoList vendor="NXP">&#x0A;<info chip="LPC1769" flash_driver="LPC175x_6x_512.cfx" match_id="0x26113F37" name="LPC1769" package="lpc17_lqfp100.xml" stub="crt_emu_cm3_nxp">&#x0A;<chip>&#x0A;<name>LPC1769</name>&#x0A;<family>LPC17xx</family>&#x0A;<vendor>NXP (formerly Philips)</vendor>&#x0A;<reset board="None" core="Real" sys="Real"/>&#x0A;<clock changeable="TRUE" freq="20MHz" is_accurate="TRUE"/>&#x0A;<memory can_program="true" id="Flash" is_ro="true" type="Flash"/>&#x0A;<memory id="RAM" type="RAM"/>&#x0A;<memory id="Periph" is_volatile="true" type="Peripheral"/>&#x0A;<memoryInstance derived_from="Flash" id="MFlash512" location="0x10000" size="0x70000"/>&#x0A;<memoryInstance derived_from="RAM" id="RamLoc32" location="0x10000000" size="0x8000"/>&#x0A;<memoryInstance derived_from="RAM" id="RamAHB32" location="0x2007c000" size="0x800"/>&#x0A;<memoryInstance derived_from="RAM" id="RAM3" location="0x2007c800" size="0x7800"/>&#x0A;<prog_flash blocksz="0x1000" location="0" maxprgbuff="0x1000" progwithcode="TRUE" size="0x10000"/>&#x0A;<prog_flash blocksz="0x8000" location="0x10000" maxprgbuff="0x1000" progwithcode="TRUE" size="0x70000"/>&#x0A;</chip>&#x0A;<processor>&#x0A;<name gcc_name="cortex-m3">Cortex-M3</name>&#x0A;<family>Cortex-M</family>&#x0A;</processor>&#x0A;</info>&#x0A;</infoList>
